﻿<?xml version="1.0" encoding="utf-8"?>
<!--
		Variable value file for SSMA Console for Oracle.
		Specified name and value attribute values are mandatory
		Name values should begin and end with '$'
		Use of this file is NOT mandatory
		option -v[ariable]. See the documentation for SSMA Console for more information.
-->
<variables xmlns:xsi="http://www.w3.org/2001/XMLSchema-instance" xsi:noNamespaceSchemaLocation="..\Schemas\ConsoleScriptVariablesSchema.xsd">
  <!--
      ********************************** MUST DO **************************************************
      ***** MUST replace occurrences of {<value>} with appropriate values wherever necessary  *****
      *********************************************************************************************
  -->

  <!--
        ***************************************************************************
        ***** The "working folder" {Working Folder Path} should exist         *****
        ***** prior to console script execution                               *****
        ***************************************************************************
    -->
  <variable name="$WorkingFolder$"  value="c:\temp"/>

  <variable-group name="OracleConnection">
  
  </variable-group>

  <variable-group name="Report">
   

  </variable-group>

  <variable-group name="ProjectSpecs">
    <variable name="$project_name$" value="OracleConsoleProjectSample"/>
    <variable name="$project_overwrite$" value="true"/>
    <variable name="$project_type$" value="sql-azure"/>
    <variable name="$project_folder$" value="$WorkingFolder$\$project_name$"/>
  </variable-group>

</variables>


