﻿<?xml version="1.0" encoding="utf-8"?>
<!--
		Script file for SSMA Console for Oracle.
		Commands execution order - from top to bottom.
		Command Processor distinguishes each command by element name. 
		The element name is invariable! Never modify it! 
		Use this file name as the parameter to SSMA Console for Oracle with mandatory 
		option -s[cript]. See the documentation for SSMA Console for more information.
-->
<!-- Assesment Report Generation for SSMA Console for Oracle-->
<ssma-script-file xmlns:xsi="http://www.w3.org/2001/XMLSchema-instance" xsi:noNamespaceSchemaLocation="..\Schemas\O2SSConsoleScriptSchema.xsd">

  <!--  Server definitions are given in a seperate Servers Connection file in this sample
        Use {-c|serverconnection} command-line option and specify the Servers Connection File path
        (See :ServerConnectionSample.xml)-->
  <!--  Variable values should mandatorily start and end with "$". 
        These values can be defined in a separate variable value file
        (See :VariableValueFileSample.xml)
        
        **********************************************************************
        **********  Set the variable values used by this sample     **********
        **********  file in the corresponding Variables Value File  **********
        **********************************************************************
        
        -->
  <!--  The escape character for “$” is “$$”.If the value of a static value of a parameter begins with “$”,
        then "$$" must be specified to treat it as a static value instead of a variable.  -->
  
  <!-- Optional section with console configuration options-->
  <config>
    <output-providers>
      <!-- Command specific messages do not appear on console if value set to "true". 
          Attributes:  destination="file" (optional)
                      file-name="<file-path>" (optional along with destination attribute)
				  By default destination="stdout" and suppress-messages="false" -->
      <output-window suppress-messages="false"
                     destination="stdout"/>

      <!-- Enables upgradation of project created from earlier version of SSMA to current version. 
              Available action attribute values
              • yes      - upgrades the project (default)
              • no       - displays an error and halts the execution
              • ask-user - prompts user for input (yes or no). -->
      <upgrade-project action="yes"/>
      
      <!--Enables creation of database during connection. By default, mode is error..
              Available mode values
              • ask-user - prompts user for input (yes or no).
              • error    - console displays error and halts the execution.
              • continue - console continues the execution.-->
      <!--<user-input-popup mode="continue" />-->

      <!-- Progress Reporting. By default progress reporting is disabled.
         report-progress attribute values 
              • off
              • every-1%
              • every-2%
              • every-5%
              • every-10%
              • every-20% -->
      <progress-reporting enable="true"
                          report-messages="true"
                          report-progress="every-5%"/>

    </output-providers>
  </config>

  <script-commands>
    <!--Create a new project.
        • Customize the new project created with project-folder and project-name attributes.
        • overwrite-if-exists attribute can take values "true/false" with default as "false".
        • project-type (optional attribute) can take values
      sql-server-2008     - Creates SSMA 2008 project 
      sql-server-2012     - Creates SSMA 2012 project
      sql-server-2014     - Creates SSMA 2014 project (default)
      sql-server-2016     - Creates SSMA 2016 project
      sql-server-14       - Creates SSMA SQL14 project
      sql-server-14-linux - Creates SSMA SQL14 on Linux project
      sql-azure           - Creates SSMA Azure project -->
    <create-new-project project-folder="$project_folder$"
                        project-name="$project_name$"
						            project-type="$project_type$"
                        overwrite-if-exists="$project_overwrite$"/>

    <connect-source-database server="PPORAM05_TAONL1" />

    <generate-assessment-report object-name="$OracleSchemaName1$"
								object-type="Schemas"
								write-summary-report-to="$SummaryReports1$"
                verbose="false"
								report-errors="true"
								assessment-report-folder="$AssessmentReports1$"
								assessment-report-overwrite="true" />
																
    <!--FORCE LOAD SOURCE SCHEMA-->
    <!-- Example1: Force Load Source: Force Loading entire Schema -->
    <force-load object-name="$OracleSchemaName1$"
                object-type="Schemas"
                metabase="source" />
    <!-- Save project -->
    <save-project />

    <!-- Close project -->
    <close-project />
  </script-commands>
</ssma-script-file>